Sector_score;PARA_A;SCORE_A;PARA_B;SCORE_B;TOTAL;numbers;Marks;Money_Value;MONEY_Marks;District;Loss;LOSS_SCORE;History;History_score;Score;Risk
3.89;4.18;6;2.5;2;6.68;5;2;3.38;2;2;0;2;0;2;2.4;1
3.89;0;2;4.83;2;4.83;5;2;0.94;2;2;0;2;0;2;2;0
3.89;0.51;2;0.23;2;0.74;5;2;0;2;2;0;2;0;2;2;0
3.89;0;2;10.8;6;10.8;6;6;11.75;6;2;0;2;0;2;4.4;1
3.89;0;2;0.08;2;0.08;5;2;0;2;2;0;2;0;2;2;0
3.89;0;2;0.83;2;0.83;5;2;2.95;2;2;0;2;0;2;2;0
3.89;1.1;4;7.41;4;8.51;5;2;44.95;6;2;0;2;0;2;3.2;1
3.89;8.5;6;12.03;6;20.53;5.5;4;7.79;4;2;0;2;0;2;4.2;1
3.89;8.4;6;11.05;6;19.45;5.5;4;7.34;4;2;0;2;0;2;4.2;1
3.89;3.98;6;0.99;2;4.97;5;2;1.93;2;2;0;2;0;2;2.4;1
3.89;5.43;6;10.77;6;16.2;5;2;4.42;2;2;0;2;0;2;3.6;1
3.89;15.38;6;40.14;6;55.52;5;2;0.96;2;2;1;4;1;4;4;1
3.89;5.47;6;7.63;4;13.1;5;2;10.43;6;2;0;2;1;4;3.6;1
3.89;1.09;4;0.35;2;1.44;5;2;0;2;2;0;2;0;2;2.2;1
3.89;0;2;0.84;2;0.84;5;2;7;2;2;0;2;0;2;2;0
3.89;1.95;4;9.01;4;10.96;5;2;9;4;2;0;2;0;2;3;1
3.89;8.54;6;31.63;6;40.17;5;2;41.28;6;2;0;2;1;4;4.2;1
3.89;4.18;6;4.83;2;9.01;5.5;4;14.03;6;2;0;2;0;2;3.2;1
3.89;1.81;4;1.03;2;2.84;5;2;0;2;2;0;2;0;2;2.2;1
3.89;4.86;6;46.78;6;51.64;5.5;4;63.18;6;2;0;2;0;2;4.4;1
3.89;6.26;6;14.1;6;20.36;5;2;34.24;6;2;0;2;1;4;4.2;1
3.89;0.02;2;5.94;4;5.96;5;2;0.01;2;2;0;2;0;2;2.6;1
3.89;5.31;6;22.79;6;28.1;5;2;205.19;6;2;0;2;1;4;4.2;1
3.89;0.94;2;0.01;2;0.95;5;2;0.1;2;2;0;2;0;2;2;0
3.89;5.78;6;57.92;6;63.7;5;2;11.16;6;2;0;2;0;2;4;1
3.89;7.42;6;2.24;2;9.66;5;2;1.25;2;2;0;2;0;2;2.4;1
3.89;0;2;1.1;2;1.1;5;2;7;2;2;0;2;0;2;2;0
3.89;6.85;6;31.76;6;38.61;5;2;1.46;2;2;0;2;0;2;3.6;1
3.89;0;2;1.03;2;1.03;5;2;0;2;2;0;2;0;2;2;0
3.89;0;2;0.75;2;0.75;5;2;6.78;4;2;0;2;0;2;2.2;1
3.89;2.4;6;16.63;6;19.03;5;2;1.16;2;2;0;2;0;2;3.6;1
3.89;0;2;0.05;2;0.05;5;2;152.41;6;2;0;2;0;2;2.4;1
3.89;0;2;1.76;2;1.76;5;2;1.08;2;2;0;2;0;2;2;0
3.89;0;2;2.97;2;2.97;5;2;2.84;2;2;0;2;0;2;2;0
3.89;0;2;0.43;2;0.43;5;2;0;2;2;0;2;0;2;2;0
3.89;0;2;0.94;2;0.94;5;2;0.9;2;2;0;2;0;2;2;0
3.89;9.01;6;19.82;6;28.83;5;2;9.67;4;2;0;2;0;2;3.8;1
3.89;0;2;0.05;2;0.05;5;2;0;2;2;0;2;0;2;2;0
3.89;11.95;6;30.9;6;42.85;5;2;32.68;6;2;0;2;0;2;4;1
3.89;7.97;6;17.18;6;25.15;5;2;935.03;6;2;0;2;0;2;4;1
3.89;0;2;3.71;2;3.71;5;2;29.63;6;2;0;2;0;2;2.4;1
3.89;0.62;2;2.02;2;2.64;5;2;0.11;2;2;0;2;0;2;2;0
3.89;0;2;2.27;2;2.27;5;2;2.62;2;2;0;2;0;2;2;0
3.89;0;2;0;2;0;5;2;0;2;2;0;2;0;2;2;0
3.89;1.32;4;0;2;1.32;5;2;0.06;2;2;0;2;0;2;2.2;1
3.89;0;2;1.03;2;1.03;5;2;2.43;2;2;0;2;0;2;2;0
3.89;0;2;15.38;6;15.38;5;2;126.13;6;2;0;2;0;2;3.6;1
3.89;0;2;1.02;2;1.02;5;2;0;2;2;0;2;0;2;2;0
3.89;0;2;20.71;6;20.71;5;2;20.79;6;2;0;2;2;6;4;1
3.89;2.95;6;6.56;4;9.51;5;2;156.92;6;2;0;2;0;2;3.4;1
3.89;1.97;4;2.1;2;4.07;5;2;12.29;6;2;2;6;0;2;3;1
3.89;0;2;18.05;6;18.05;5;2;2.29;2;2;0;2;0;2;3.2;1
3.89;0;2;0.93;2;0.93;5;2;7.78;4;2;0;2;0;2;2.2;1
3.89;0;2;1.61;2;1.61;5;2;2.51;2;2;0;2;0;2;2;0
3.89;6.32;6;9.01;4;15.33;5;2;8.31;4;2;0;2;0;2;3.2;1
3.89;0;2;1.05;2;1.05;5;2;0.16;2;2;0;2;0;2;2;0
3.89;0;2;6.8;4;6.8;5;2;47.9;6;2;0;2;0;2;3;1
3.89;14.04;6;10.83;6;24.87;5;2;8.91;4;2;0;2;0;2;3.8;1
3.89;6.67;6;18.02;6;24.69;5.5;4;4.95;2;2;0;2;2;6;4.4;1
3.89;0;2;0;2;0;5;2;1.75;2;2;0;2;0;2;2;0
3.89;0;2;0.08;2;0.08;5;2;0.68;2;2;0;2;0;2;2;0
3.89;1.26;4;0.05;2;1.31;5;2;0;2;2;0;2;0;2;2.2;1
3.89;0;2;0.03;2;0.03;5;2;0.06;2;2;0;2;0;2;2;0
3.89;0;2;0.79;2;0.79;5;2;15.82;6;2;0;2;0;2;2.4;1
3.89;4.76;6;13.03;6;17.79;5;2;0.58;2;2;0;2;1;4;3.8;1
3.89;8.81;6;9.02;4;17.83;5;2;215.31;6;2;0;2;1;4;3.6;1
3.89;0;2;0.07;2;0.07;5;2;0;2;2;0;2;0;2;2;0
3.89;13.92;6;2.2;2;16.12;5;2;0.05;2;2;0;2;0;2;2.4;1
3.89;1.07;4;0;2;1.07;5;2;0;2;2;0;2;0;2;2.2;1
3.89;0;2;0.89;2;0.89;5;2;0;2;2;0;2;0;2;2;0
3.89;0;2;3.98;2;3.98;6;6;53.34;6;2;0;2;0;2;3.2;1
3.89;10;6;74.26;6;84.26;5.5;4;11.16;6;2;0;2;3;6;4.8;1
3.89;4.24;6;8.06;4;12.3;5;2;10.69;6;2;0;2;0;2;3.4;1
3.89;12.27;6;72.46;6;84.73;5;2;5.69;4;2;0;2;0;2;3.8;1
3.89;0;2;0.96;2;0.96;5;2;1.35;2;2;0;2;0;2;2;0
3.89;12.7;6;1.28;2;13.98;5;2;11.69;6;2;0;2;0;2;2.8;1
3.89;0;2;63.13;6;63.13;5;2;14.6;6;2;0;2;1;4;3.8;1
3.89;1.99;4;10.24;6;12.23;5;2;20.78;6;2;0;2;0;2;3.8;1
3.89;0.05;2;0.21;2;0.26;5.5;4;102.22;6;2;0;2;0;2;2.8;1
3.89;0;2;7.37;4;7.37;5;2;0.74;2;2;0;2;0;2;2.6;1
3.89;0;2;3.72;2;3.72;5;2;0;2;2;0;2;9;6;2.4;1
3.89;71.48;6;25.63;6;97.11;5;2;873.37;6;2;0;2;0;2;4;1
3.89;0;2;0;2;0;5;2;0;2;2;0;2;0;2;2;0
3.89;0.74;2;1;2;1.74;5;2;0;2;2;0;2;0;2;2;0
3.89;0;2;0.58;2;0.58;5;2;0;2;2;0;2;0;2;2;0
3.89;8.46;6;72.76;6;81.22;5;2;1.4;2;2;1;4;2;6;4.2;1
3.89;0.42;2;0.07;2;0.49;5;2;0.42;2;2;0;2;0;2;2;0
3.89;0.01;2;1.29;2;1.3;5.5;4;36.52;6;4;0;2;0;2;3;1
3.89;6.85;6;65.93;6;72.78;5.5;4;6.02;4;4;0;2;0;2;4.4;1
3.89;5.37;6;8.62;4;13.99;5;2;17.16;6;4;0;2;0;2;3.6;1
3.89;4.93;6;6.54;4;11.47;5.5;4;12.91;6;4;0;2;0;2;4;1
3.89;1.22;4;0.06;2;1.28;5;2;0;2;4;0;2;0;2;2.4;1
3.89;0;2;0.85;2;0.85;5;2;0;2;4;0;2;0;2;2.2;1
3.89;15.72;6;57.94;6;73.66;6;6;10.79;6;6;0;2;0;2;5.2;1
3.89;4.95;6;42.61;6;47.56;5;2;3.46;2;6;0;2;1;4;4.2;1
3.89;0;2;0.08;2;0.08;5;2;0.06;2;6;0;2;0;2;2.4;1
3.89;1.19;4;12.88;6;14.07;5;2;2.33;2;6;0;2;0;2;3.8;1
3.89;0;2;2.72;2;2.72;5;2;5.58;4;6;0;2;0;2;2.6;1
3.89;0;2;1.66;2;1.66;5;2;0.76;2;6;0;2;0;2;2.4;1
3.89;6.47;6;12.18;6;18.65;5;2;25.27;6;6;0;2;0;2;4.4;1
3.89;1.33;4;0;2;1.33;5;2;0.2;2;6;0;2;0;2;2.6;1
3.89;0;2;1.1;2;1.1;5;2;0;2;6;0;2;0;2;2.4;1
3.89;2.57;6;4.49;2;7.06;5;2;7.56;4;2;0;2;1;4;2.8;1
3.89;0;2;1.88;2;1.88;5;2;0;2;2;0;2;0;2;2;0
3.89;0.77;2;18.31;6;19.08;5;2;67.03;6;2;0;2;0;2;3.6;1
3.89;5.23;6;5.89;4;11.12;5;2;19.4;6;2;0;2;0;2;3.4;1
3.89;6.59;6;23.66;6;30.25;5;2;34.83;6;2;0;2;1;4;4.2;1
3.89;7.18;6;14.63;6;21.81;5;2;98.75;6;2;0;2;0;2;4;1
3.89;1;4;0;2;1;5;2;0.36;2;2;0;2;0;2;2.2;1
3.89;0;2;0.06;2;0.06;5;2;0;2;2;0;2;0;2;2;0
3.89;2.63;6;2.55;2;5.18;5;2;0;2;2;0;2;0;2;2.4;1
3.89;0;2;0.87;2;0.87;5;2;0;2;2;0;2;0;2;2;0
3.89;10.96;6;41.47;6;52.43;5;2;35.21;6;2;0;2;1;4;4.2;1
3.89;0;2;0.23;2;0.23;5;2;0;2;2;0;2;0;2;2;0
3.41;4.25;6;45.51;6;49.76;5.5;4;8.2;4;2;0;2;0;2;4.2;1
3.41;1.98;4;51.42;6;53.4;5.5;4;20.33;6;2;0;2;1;4;4.4;1
3.41;1.44;4;29.25;6;30.69;5;2;35.13;6;2;0;2;0;2;3.8;1
3.41;1.52;4;37.33;6;38.85;5.5;4;63.7;6;2;0;2;0;2;4.2;1
3.41;3.63;6;10.85;4;14.48;5;2;0.28;2;2;0;2;0;2;3;1
3.41;1.35;4;66.35;6;67.7;5.5;4;27.13;6;2;0;2;3;6;4.6;1
3.41;9.97;6;88.73;6;98.7;5;2;10.27;6;2;0;2;0;2;4;1
3.41;1.41;4;36.16;6;37.57;5;2;13.05;6;2;2;6;0;2;4.2;1
3.41;1.98;4;67.91;6;69.89;5.5;4;18.79;6;2;0;2;1;4;4.4;1
3.41;10.08;6;22.31;6;32.39;5.5;4;16.82;6;2;0;2;0;2;4.4;1
3.41;1.44;4;9.65;4;11.09;6.5;6;10.03;6;2;0;2;0;2;4;1
3.41;25.4;6;51.74;6;77.14;5;2;12.67;6;6;0;2;2;6;4.8;1
3.41;3.21;6;72.07;6;75.28;5;2;13.79;6;6;0;2;1;4;4.6;1
3.41;12.28;6;20.62;6;32.9;5;2;10.16;6;2;0;2;1;4;4.2;1
3.41;6.93;6;70.26;6;77.19;5;2;9.73;4;2;0;2;0;2;3.8;1
3.41;3.34;6;37.59;6;40.93;5;2;26.95;6;2;0;2;0;2;4;1
3.41;15.66;6;74.53;6;90.19;5;2;29.07;6;2;0;2;0;2;4;1
3.41;2.92;6;5.24;4;8.16;5;2;9.76;4;2;0;2;0;2;3.2;1
3.41;0.83;2;28.06;6;28.89;5;2;13.31;6;2;0;2;0;2;3.6;1
3.41;1.97;4;30.25;6;32.22;5;2;0.68;2;2;0;2;0;2;3.4;1
3.41;10;6;47.9;6;57.9;5;2;7.7;4;2;0;2;0;2;3.8;1
3.41;13.06;6;45.42;6;58.48;5;2;10.4;6;2;0;2;0;2;4;1
3.41;1.35;4;33.25;6;34.6;5.5;4;20.62;6;2;0;2;0;2;4.2;1
3.41;4.13;6;16.74;6;20.87;5;2;44.02;6;2;0;2;0;2;4;1
3.41;12.62;6;80.06;6;92.68;5.5;4;43.53;6;4;0;2;0;2;4.6;1
3.41;16.36;6;41.1;6;57.46;5;2;12.03;6;4;0;2;0;2;4.2;1
3.41;12.68;6;41;6;53.68;5.5;4;11.88;6;2;0;2;0;2;4.4;1
3.41;11.73;6;85.87;6;97.6;5;2;6.96;4;2;0;2;1;4;4;1
3.41;5.15;6;44.67;6;49.82;5.5;4;21.07;6;2;0;2;0;2;4.4;1
3.41;6.61;6;55.62;6;62.23;5;2;57.16;6;2;1;4;0;2;4.2;1
3.41;8.03;6;94.43;6;102.46;5.5;4;10.65;6;2;0;2;2;6;4.8;1
3.41;1.21;4;34.03;6;35.24;5;2;5.36;4;2;0;2;0;2;3.6;1
3.41;1.64;4;46.21;6;47.85;5;2;2.45;2;2;0;2;0;2;3.4;1
3.41;1.21;4;43.84;6;45.05;5.5;4;31.61;6;2;0;2;0;2;4.2;1
3.41;1.1;4;87.71;6;88.81;5.5;4;34.32;6;2;0;2;0;2;4.2;1
3.41;4.17;6;24.37;6;28.54;5;2;4.24;2;2;0;2;0;2;3.6;1
3.41;1.08;4;32.71;6;33.79;5;2;8.38;4;2;0;2;0;2;3.6;1
3.41;12.29;6;25.74;6;38.03;5;2;22.1;6;2;1;4;0;2;4.2;1
3.41;12.54;6;31.62;6;44.16;5;2;54.07;6;2;0;2;0;2;4;1
3.41;17.26;6;44.22;6;61.48;5;2;27.68;6;2;0;2;1;4;4.2;1
3.41;1.15;4;20.1;6;21.25;6;6;21.45;6;2;0;2;0;2;4.6;1
3.41;20.04;6;48.9;6;68.94;5;2;11.09;6;2;0;2;0;2;4;1
3.41;12.17;6;47;6;59.17;6;6;10.14;6;2;0;2;0;2;4.8;1
3.41;10.37;6;105.56;6;115.93;9;6;52.13;6;2;0;2;0;2;4.8;1
3.41;9.67;6;62.25;6;71.92;5.5;4;17.02;6;2;0;2;0;2;4.4;1
3.41;3.77;6;40.86;6;44.63;5;2;18;6;2;0;2;0;2;4;1
3.41;4.73;6;60.22;6;64.95;5;2;69.76;6;2;0;2;0;2;4;1
3.41;6.31;6;19.42;6;25.73;5.5;4;13.88;6;2;0;2;0;2;4.4;1
3.41;5.61;6;1.56;2;7.17;5;2;4.03;2;2;0;2;0;2;2.4;1
3.41;5.22;6;20.94;6;26.16;5;2;2.44;2;2;0;2;0;2;3.6;1
3.41;0.31;2;58.12;6;58.43;5;2;78.98;6;2;1;4;0;2;3.8;1
3.41;2.86;6;17.09;6;19.95;5.5;4;6.88;4;2;0;2;0;2;4.2;1
3.41;16.53;6;72.99;6;89.52;5;2;5.49;4;2;0;2;1;4;4;1
3.41;2.7;6;45.16;6;47.86;5;2;37.79;6;2;0;2;0;2;4;1
3.41;3.08;6;60.78;6;63.86;5;2;0.36;2;2;0;2;0;2;3.6;1
3.41;2;6;49.19;6;51.19;5;2;60.88;6;2;0;2;1;4;4.2;1
3.41;1.18;4;0;2;1.18;5.5;4;183.2;6;2;1;4;0;2;3.2;1
3.41;1.07;4;0;2;1.07;5;2;10.02;6;2;0;2;0;2;2.6;1
3.41;1.07;4;0;2;1.07;5;2;0;2;6;0;2;0;2;2.6;1
3.41;1.01;4;0;2;1.01;5;2;0;2;2;0;2;0;2;2.2;1
3.41;0.93;2;0;2;0.93;5;2;0;2;2;0;2;0;2;2;0
3.41;4.01;6;0;2;4.01;5;2;0;2;2;0;2;0;2;2.4;1
3.41;0.77;2;0;2;0.77;5;2;0.32;2;2;0;2;0;2;2;0
3.41;1.05;4;0;2;1.05;5;2;0;2;2;0;2;0;2;2.2;1
3.41;1.01;4;0;2;1.01;5;2;0.28;2;2;0;2;0;2;2.2;1
3.41;0.91;2;0;2;0.91;5;2;0;2;2;0;2;0;2;2;0
3.41;1.12;4;0;2;1.12;5;2;0;2;2;0;2;0;2;2.2;1
3.41;0.8;2;0;2;0.8;5;2;0.18;2;2;0;2;0;2;2;0
3.41;0.65;2;0;2;0.65;5;2;0;2;2;0;2;0;2;2;0
3.41;0.63;2;0;2;0.63;5;2;0;2;2;0;2;0;2;2;0
3.41;0.43;2;0;2;0.43;5;2;0;2;2;0;2;0;2;2;0
3.41;1.21;4;0;2;1.21;5;2;0;2;2;0;2;0;2;2.2;1
3.41;0.17;2;0;2;0.17;5;2;0;2;2;0;2;0;2;2;0
3.41;0;2;0;2;0;5;2;0;2;4;0;2;0;2;2.2;1
3.41;0;2;0;2;0;5;2;0;2;2;0;2;0;2;2;0
3.41;0.07;2;0;2;0.07;5;2;0;2;2;0;2;0;2;2;0
2.72;5.11;6;53.76;6;58.87;6;6;48.56;6;2;0;2;2;6;5.2;1
2.72;2.46;6;6.72;4;9.18;5;2;0;2;2;0;2;0;2;3;1
2.72;4.05;6;21.66;6;25.71;5.5;4;18.45;6;2;0;2;0;2;4.4;1
2.72;2.81;6;4.6;2;7.41;5;2;8.44;4;2;0;2;0;2;2.6;1
2.72;4.43;6;61.47;6;65.9;5.5;4;39.65;6;2;0;2;0;2;4.4;1
2.72;3.48;6;17.85;6;21.33;5;2;9.53;4;2;0;2;0;2;3.8;1
2.72;3.62;6;44.28;6;47.9;5;2;44.67;6;2;0;2;0;2;4;1
2.72;4.34;6;24.13;6;28.47;5;2;3.42;2;2;0;2;0;2;3.6;1
2.72;3.62;6;8.37;4;11.99;5;2;0;2;2;0;2;0;2;3;1
2.72;3.11;6;113.97;6;117.08;5.5;4;26.64;6;2;0;2;0;2;4.4;1
2.72;1.65;4;20.86;6;22.51;5;2;16.91;6;2;0;2;0;2;3.8;1
2.72;3.43;6;1.53;2;4.96;5;2;0;2;2;0;2;0;2;2.4;1
2.72;3.84;6;98.67;6;102.51;5;2;12.9;6;2;0;2;0;2;4;1
2.72;7.42;6;115.87;6;123.29;6;6;6.79;4;2;0;2;1;4;4.8;1
2.72;7.07;6;35.48;6;42.55;5;2;8.76;4;2;0;2;0;2;3.8;1
2.72;3.26;6;5.55;4;8.81;5;2;0.21;2;6;0;2;0;2;3.4;1
2.72;3.84;6;144.39;6;148.23;5;2;19.68;6;2;1;4;1;4;4.4;1
2.72;5.5;6;93.26;6;98.76;5;2;14.27;6;2;0;2;0;2;4;1
2.72;1.9;4;35.04;6;36.94;6.5;6;16.19;6;2;0;2;0;2;4.6;1
2.72;3.5;6;16.09;6;19.59;5;2;5.03;4;2;0;2;0;2;3.8;1
2.72;1.46;4;0.75;2;2.21;5;2;0.11;2;2;0;2;0;2;2.2;1
2.72;4.6;6;54.99;6;59.59;5;2;14.1;6;2;0;2;0;2;4;1
2.72;7.43;6;79.5;6;86.93;5;2;102.39;6;2;0;2;0;2;4;1
2.72;3.51;6;52.89;6;56.4;5;2;4.26;2;2;0;2;0;2;3.6;1
2.72;5.65;6;67.16;6;72.81;6;6;27.23;6;2;0;2;0;2;4.8;1
2.72;1.33;4;0.35;2;1.68;5;2;0;2;2;0;2;0;2;2.2;1
2.72;5.45;6;71.09;6;76.54;5.5;4;59.18;6;2;0;2;0;2;4.4;1
2.72;1.73;4;5.64;4;7.37;5;2;13.35;6;2;0;2;0;2;3.2;1
2.72;6.02;6;135.69;6;141.71;6;6;89.64;6;4;0;2;0;2;5;1
2.72;3.22;6;55.64;6;58.86;5;2;80.8;6;2;1;4;0;2;4.2;1
2.72;2.41;6;5.28;4;7.69;5;2;8.95;4;4;0;2;0;2;3.4;1
2.72;2.84;6;64.91;6;67.75;5.5;4;124.59;6;4;0;2;0;2;4.6;1
2.72;1.75;4;0.57;2;2.32;5;2;0;2;4;0;2;0;2;2.4;1
2.72;2.18;6;30.81;6;32.99;5;2;5.8;4;4;0;2;0;2;4;1
2.72;3.26;6;2.81;2;6.07;6;6;21.6;6;4;0;2;0;2;3.8;1
2.72;4.43;6;51.32;6;55.75;5.5;4;145.97;6;2;0;2;0;2;4.4;1
2.72;5.61;6;99.33;6;104.94;6.5;6;76.47;6;2;0;2;0;2;4.8;1
2.72;3.9;6;27.92;6;31.82;5;2;47.6;6;2;0;2;0;2;4;1
2.72;2.19;6;0.68;2;2.87;5;2;28.4;6;2;0;2;0;2;2.8;1
2.72;1.56;4;14.64;4;16.2;5;2;25.97;6;2;0;2;0;2;3.2;1
2.72;4.53;6;87.93;6;92.46;5;2;85.81;6;2;0;2;0;2;4;1
2.72;4.97;6;42.19;6;47.16;5.5;4;45.37;6;2;0;2;0;2;4.4;1
2.72;2.13;6;0.59;2;2.72;5;2;0.76;2;2;0;2;0;2;2.4;1
2.72;3.66;6;15.47;6;19.13;5;2;1.43;2;2;0;2;0;2;3.6;1
2.72;1.64;4;0.19;2;1.83;5;2;1.59;2;2;0;2;0;2;2.2;1
2.72;4.9;6;98.71;6;103.61;5.5;4;82.99;6;2;0;2;1;4;4.6;1
2.72;5.68;6;67.38;6;73.06;5;2;86.7;6;2;0;2;1;4;4.2;1
2.72;3.99;6;92.05;6;96.04;5;2;15.14;6;2;0;2;1;4;4.2;1
2.72;3.47;6;47.07;6;50.54;5;2;31.38;6;2;0;2;0;2;4;1
2.72;2.68;6;38.32;6;41;5;2;7.17;4;2;0;2;0;2;3.8;1
2.72;2.13;6;42.64;6;44.77;5;2;18.24;6;2;0;2;0;2;4;1
2.72;4.28;6;1264.63;6;1268.91;5.5;4;58.86;6;6;0;2;2;6;5.2;1
2.72;4.36;6;33.91;6;38.27;5.5;4;6.06;4;6;1;4;0;2;4.8;1
2.72;2.23;6;4.54;2;6.77;5;2;22.8;6;6;0;2;0;2;3.2;1
2.72;2;6;0.32;2;2.32;5;2;5.37;4;2;0;2;0;2;2.6;1
2.72;3.04;6;67.37;6;70.41;6.5;6;77.47;6;2;0;2;0;2;4.8;1
2.72;1.19;4;122.07;6;123.26;5;2;15.2;6;2;0;2;0;2;3.8;1
2.72;1.35;4;0;2;1.35;6;6;680.14;6;2;0;2;0;2;3.4;1
2.72;1.14;4;0;2;1.14;5;2;0.71;2;2;0;2;0;2;2.2;1
2.72;1.51;4;0;2;1.51;5;2;0;2;2;0;2;0;2;2.2;1
2.72;1.13;4;0;2;1.13;5;2;0;2;2;0;2;0;2;2.2;1
2.72;1.5;4;0;2;1.5;5;2;1.44;2;2;0;2;0;2;2.2;1
2.72;0.96;2;0;2;0.96;5;2;0;2;2;0;2;0;2;2;0
2.72;1.6;4;0;2;1.6;5;2;0;2;2;0;2;0;2;2.2;1
2.72;1.34;4;0;2;1.34;5;2;0;2;4;0;2;0;2;2.4;1
2.72;1.6;4;0;2;1.6;5;2;0.06;2;2;0;2;0;2;2.2;1
2.72;1.13;4;0;2;1.13;5;2;0.02;2;2;0;2;0;2;2.2;1
2.72;0;2;0;2;0;5;2;0;2;2;0;2;0;2;2;0
2.72;0;2;0;2;0;5;2;0;2;2;0;2;0;2;2;0
2.72;0.77;2;0;2;0.77;5;2;4.6;2;2;0;2;0;2;2;0
2.72;1.05;4;0;2;1.05;5;2;0;2;2;0;2;0;2;2.2;1
2.72;0;2;0;2;0;5;2;0;2;2;0;2;0;2;2;0
2.72;0;2;0;2;0;5;2;30.85;6;2;0;2;0;2;2.4;1
2.72;0;2;0;2;0;5;2;0;2;4;0;2;0;2;2.2;1
2.72;0;2;0;2;0;5;2;0;2;2;0;2;0;2;2;0
2.72;0;2;0;2;0;5;2;0;2;2;0;2;0;2;2;0
2.72;0.84;2;0;2;0.84;5;2;8.21;4;2;0;2;0;2;2.2;1
2.72;0;2;0;2;0;5;2;0;2;2;0;2;0;2;2;0
2.72;0.85;2;0;2;0.85;5;2;0;2;2;0;2;0;2;2;0
2.72;0;2;0.28;2;0.28;5;2;0;2;2;0;2;0;2;2;0
2.72;0.61;2;0.07;2;0.68;5;2;0;2;2;0;2;0;2;2;0
2.72;0;2;0.62;2;0.62;5;2;0;2;2;0;2;0;2;2;0
2.37;3.43;6;1;4;4.43;5.5;4;49.31;6;2;1;4;1;4;4.2;1
2.37;1.63;4;5.86;6;7.49;5;2;3.69;2;2;0;2;0;2;3.4;1
2.37;3.75;6;1.25;4;5;6;6;11.25;6;6;0;2;0;2;4.6;1
2.37;2.29;6;2.64;6;4.93;5;2;3.08;2;2;0;2;0;2;3.6;1
2.37;2.51;6;8.59;6;11.1;5.5;4;16.03;6;2;0;2;5;6;4.8;1
2.37;2.21;6;5.21;6;7.42;5;2;3.43;2;2;0;2;0;2;3.6;1
2.37;2.22;6;6.23;6;8.45;5;2;0.89;2;2;0;2;0;2;3.6;1
2.37;1.67;4;0.39;2;2.06;5;2;1.43;2;2;0;2;0;2;2.2;1
2.37;2.59;6;0.66;2;3.25;5;2;1.28;2;2;0;2;0;2;2.4;1
2.37;2.39;6;7.72;6;10.11;5;2;5.42;4;2;0;2;1;4;4;1
2.37;3.42;6;10.55;6;13.97;5;2;6.96;4;2;0;2;0;2;3.8;1
2.37;3.61;6;2.13;6;5.74;5;2;5.41;4;2;1;4;2;6;4.4;1
2.37;1.86;4;4.51;6;6.37;5;2;7.27;4;2;0;2;0;2;3.6;1
2.37;1.9;4;7.97;6;9.87;5;2;8.6;4;2;0;2;1;4;3.8;1
2.37;3.29;6;6.41;6;9.7;5;2;3.66;2;2;0;2;0;2;3.6;1
2.37;2.6;6;1.14;4;3.74;5;2;8.76;4;2;0;2;1;4;3.4;1
2.37;3.81;6;11.52;6;15.33;5;2;3.25;2;4;0;2;0;2;3.8;1
2.37;2.1;6;5.06;6;7.16;5;2;5.41;4;2;0;2;0;2;3.8;1
2.37;2.22;6;3.4;6;5.62;5;2;26.28;6;2;0;2;1;4;4.2;1
2.37;0.96;2;0.12;2;1.08;5;2;0.22;2;2;0;2;0;2;2;0
2.37;0.81;2;4.6;6;5.41;5;2;1.82;2;2;0;2;0;2;3.2;1
2.37;1.25;4;0.02;2;1.27;5;2;0.82;2;2;0;2;0;2;2.2;1
2.37;1.65;4;0.02;2;1.67;5;2;27.99;6;2;0;2;0;2;2.6;1
2.37;1.65;4;0.02;2;1.67;5;2;2.47;2;2;0;2;0;2;2.2;1
2.37;2.13;6;0.11;2;2.24;5;2;7.54;4;2;0;2;0;2;2.6;1
2.37;0.44;2;0.02;2;0.46;5;2;27.1;6;6;0;2;0;2;2.8;1
2.37;1.31;4;0.12;2;1.43;5.5;4;0;2;6;0;2;0;2;3;1
2.37;0.39;2;0.14;2;0.53;5;2;0.58;2;2;0;2;0;2;2;0
2.37;1;4;1.1;4;2.1;5;2;0;2;2;0;2;0;2;2.8;1
2.37;0.42;2;0.27;2;0.69;5;2;0;2;2;0;2;0;2;2;0
2.37;1.07;4;0.59;2;1.66;5;2;0;2;2;0;2;0;2;2.2;1
2.37;1.29;4;0.25;2;1.54;5;2;0;2;2;0;2;0;2;2.2;1
2.37;0.02;2;0.87;2;0.89;5;2;0.04;2;2;0;2;0;2;2;0
2.37;1.46;4;0.55;2;2.01;5;2;0.67;2;2;0;2;0;2;2.2;1
2.37;0.84;2;0.06;2;0.9;5;2;0.72;2;2;0;2;0;2;2;0
2.37;0.66;2;1.37;4;2.03;5;2;0.84;2;4;0;2;0;2;2.8;1
2.37;0.53;2;5.4;6;5.93;5;2;0.72;2;2;0;2;0;2;3.2;1
2.37;0.39;2;0.47;2;0.86;5;2;0;2;2;0;2;0;2;2;0
2.37;0.51;2;0.47;2;0.98;5;2;0;2;2;0;2;0;2;2;0
2.37;0.47;2;0.29;2;0.76;5;2;0.07;2;2;0;2;0;2;2;0
2.37;3.35;6;0.99;2;4.34;5;2;0.12;2;2;0;2;0;2;2.4;1
2.37;0.32;2;0.49;2;0.81;5;2;6.73;4;6;0;2;0;2;2.6;1
2.37;0.51;2;0;2;0.51;5;2;0;2;6;0;2;0;2;2.4;1
2.37;0;2;0;2;0;5;2;0.05;2;2;0;2;0;2;2;0
2.37;0.31;2;0.69;2;1;5;2;0;2;2;0;2;0;2;2;0
2.37;0.61;2;1.54;4;2.15;5;2;0.57;2;2;0;2;0;2;2.6;1
2.37;0.26;2;0.17;2;0.43;5;2;0;2;2;0;2;0;2;2;0
2.37;0.73;2;0.05;2;0.78;5;2;6.14;4;6;0;2;0;2;2.6;1
2.37;0;2;0;2;0;5;2;0;2;6;0;2;0;2;2.4;1
2.37;1.27;4;1.01;4;2.28;5;2;1.15;2;2;0;2;0;2;2.8;1
2.37;1.62;4;0.49;2;2.11;5;2;0;2;2;0;2;0;2;2.2;1
2.37;1.54;4;0.46;2;2;5;2;0.57;2;2;0;2;0;2;2.2;1
2.37;2.18;6;0.93;2;3.11;5;2;0;2;6;0;2;0;2;2.8;1
2.37;7.59;6;1.47;4;9.06;5.5;4;36.29;6;6;0;2;0;2;4.2;1
2.37;0.76;2;0.34;2;1.1;5;2;0;2;6;0;2;0;2;2.4;1
2.37;0.38;2;0.85;2;1.23;5;2;0.04;2;2;0;2;0;2;2;0
2.37;1.29;4;0.13;2;1.42;5;2;0;2;2;0;2;0;2;2.2;1
2.37;1.99;4;0.63;2;2.62;5;2;0;2;2;0;2;0;2;2.2;1
2.37;0;2;0;2;0;5;2;0;2;2;0;2;0;2;2;0
2.37;0.02;2;0.05;2;0.07;5;2;0;2;2;0;2;0;2;2;0
2.37;0.14;2;0.08;2;0.22;5;2;0;2;2;0;2;0;2;2;0
2.37;0.09;2;0;2;0.09;5;2;0;2;2;0;2;0;2;2;0
2.37;0;2;0;2;0;5;2;0;2;2;0;2;0;2;2;0
2.37;0;2;0;2;0;5;2;0;2;2;0;2;0;2;2;0
2.37;0.01;2;7;2;17;5;2;0;2;2;0;2;0;2;2;0
2.37;0.17;2;0.04;2;0.21;5;2;0;2;2;0;2;0;2;2;0
2.37;1.66;4;0.83;2;2.49;5;2;0.31;2;6;0;2;0;2;2.6;1
2.37;0.5;2;0.04;2;0.54;5;2;0;2;6;0;2;0;2;2.4;1
2.37;0.9;2;0.29;2;1.19;5;2;1.22;2;6;0;2;0;2;2.4;1
2.37;0;2;0;2;0;5;2;0.23;2;6;0;2;0;2;2.4;1
1.99;57.03;6;134.33;6;191.36;5;2;844.37;6;2;0;2;0;2;4;1
1.99;0.58;2;0;2;0.58;5;2;0;2;2;0;2;0;2;2;0
1.99;1.52;4;0;2;1.52;5;2;6.96;4;2;0;2;0;2;2.4;1
1.99;0.9;2;0;2;0.9;5;2;1.95;2;2;0;2;0;2;2;0
1.99;1.19;4;0;2;1.19;5;2;0;2;2;0;2;0;2;2.2;1
1.99;0.53;2;0;2;0.53;5;2;2.33;2;2;0;2;0;2;2;0
1.99;0.93;2;0;2;0.93;5;2;0.11;2;2;0;2;0;2;2;0
1.99;1.89;4;0;2;1.89;5;2;0;2;2;0;2;0;2;2.2;1
1.99;1.71;4;0;2;1.71;5;2;0.09;2;2;0;2;0;2;2.2;1
1.99;0.3;2;0;2;0.3;5;2;0;2;2;0;2;0;2;2;0
1.99;0.76;2;0;2;0.76;5;2;7.48;4;2;0;2;0;2;2.2;1
1.99;0.96;2;0;2;0.96;5;2;9.45;4;2;0;2;0;2;2.2;1
1.99;1.26;4;0;2;1.26;5;2;0;2;2;0;2;0;2;2.2;1
1.99;0.55;2;0;2;0.55;5;2;0.67;2;2;0;2;0;2;2;0
1.99;0.29;2;0;2;0.29;5;2;0.06;2;2;0;2;0;2;2;0
1.99;1.27;4;0;2;1.27;5;2;2.77;2;2;0;2;0;2;2.2;1
1.99;1.34;4;0;2;1.34;5;2;0;2;2;0;2;0;2;2.2;1
1.99;0.56;2;0;2;0.56;5;2;1.75;2;2;0;2;0;2;2;0
1.99;0.86;2;0;2;0.86;5;2;0;2;6;0;2;0;2;2.4;1
1.99;1.62;4;0;2;1.62;5;2;0;2;6;0;2;0;2;2.6;1
1.99;3.02;6;0;2;3.02;5;2;0;2;6;0;2;0;2;2.8;1
1.99;0.59;2;0;2;0.59;5;2;0;2;6;0;2;0;2;2.4;1
1.99;1.1;4;0;2;1.1;5;2;0;2;2;0;2;0;2;2.2;1
1.99;1.03;4;0;2;1.03;5;2;27.28;6;2;0;2;0;2;2.6;1
1.99;0.66;2;0;2;0.66;5;2;0.73;2;2;0;2;0;2;2;0
1.99;0.48;2;0;2;0.48;5;2;0.47;2;2;0;2;0;2;2;0
1.99;1.27;4;0;2;1.27;5;2;175.9;6;2;0;2;0;2;2.6;1
1.99;0.43;2;0;2;0.43;5;2;13.54;6;2;0;2;0;2;2.4;1
1.99;1.65;4;0;2;1.65;5;2;0.01;2;2;0;2;0;2;2.2;1
1.99;1.4;4;0;2;1.4;5;2;0;2;2;0;2;0;2;2.2;1
1.99;1.14;4;0;2;1.14;5;2;41.82;6;2;0;2;0;2;2.6;1
1.99;0.45;2;0;2;0.45;5;2;0;2;2;0;2;0;2;2;0
1.99;0.6;2;0;2;0.6;5;2;0;2;2;0;2;0;2;2;0
1.99;0.85;2;0;2;0.85;5;2;0;2;2;0;2;0;2;2;0
1.99;1.19;4;0;2;1.19;5;2;29.76;6;2;0;2;0;2;2.6;1
1.99;1.23;4;0;2;1.23;5;2;0.11;2;2;0;2;0;2;2.2;1
1.99;1.12;4;0;2;1.12;5;2;0.05;2;2;0;2;0;2;2.2;1
1.99;1.53;4;0;2;1.53;5;2;0.03;2;4;0;2;0;2;2.4;1
1.99;0.77;2;0;2;0.77;5;2;0;2;4;0;2;0;2;2.2;1
1.99;0.56;2;0;2;0.56;5;2;0;2;4;0;2;0;2;2.2;1
1.99;1.82;4;0;2;1.82;5;2;85.13;6;4;0;2;0;2;2.8;1
1.99;0.44;2;0;2;0.44;5;2;0.04;2;4;0;2;0;2;2.2;1
1.99;1.46;4;0;2;1.46;5;2;0;2;2;0;2;0;2;2.2;1
1.99;1.12;4;0;2;1.12;5;2;10.98;6;2;0;2;0;2;2.6;1
1.99;1.56;4;0;2;1.56;5;2;0.1;2;2;0;2;0;2;2.2;1
1.99;0;2;0;2;0;5;2;0;2;2;0;2;0;2;2;0
1.99;0;2;0;2;0;5;2;0;2;2;0;2;0;2;2;0
1.85;11.24;6;9.49;6;20.73;5.5;4;173.02;6;2;0;2;0;2;4.4;1
1.85;3.7;6;0;2;3.7;5;2;0.12;2;2;0;2;0;2;2.4;1
1.85;8.53;6;0.16;2;8.69;5;2;0.52;2;2;1;4;0;2;2.6;1
1.85;0.47;2;1.59;4;2.06;5;2;1.24;2;2;0;2;0;2;2.6;1
1.85;0.95;2;1.33;4;2.28;5;2;0.07;2;4;0;2;0;2;2.8;1
1.85;13.15;6;1.63;4;14.78;5;2;1.19;2;4;0;2;0;2;3.2;1
1.85;3.17;6;0.44;2;3.61;5;2;0;2;4;0;2;0;2;2.6;1
1.85;7.02;6;1.77;4;8.79;5;2;0;2;4;0;2;0;2;3.2;1
1.85;0;2;0;2;0;5;2;0;2;2;0;2;0;2;2;0
1.85;0.95;2;0;2;0.95;5;2;0.13;2;4;1;4;0;2;2.4;1
1.85;0;2;0;2;0;5;2;10.53;6;4;0;2;0;2;2.6;1
1.85;9.19;6;4.2;6;13.39;5;2;0.52;2;2;0;2;0;2;3.6;1
1.85;9.14;6;1.22;4;10.36;5;2;0;2;6;0;2;0;2;3.4;1
1.85;0.26;2;0;2;0.26;5;2;0;2;2;0;2;0;2;2;0
1.85;3.05;6;0.05;2;3.1;5;2;0;2;2;0;2;0;2;2.4;1
1.85;0.56;2;72;6;72.56;5;2;0.51;2;2;0;2;0;2;3.2;1
1.85;2.96;6;0.15;2;3.11;5;2;0;2;2;0;2;0;2;2.4;1
1.85;2.48;6;0;2;2.48;5;2;0;2;2;0;2;0;2;2.4;1
1.85;9.94;6;0.44;2;10.38;5;2;0.15;2;2;0;2;0;2;2.4;1
1.85;5.13;6;0.09;2;5.22;5;2;0.01;2;2;0;2;0;2;2.4;1
1.85;2.49;6;0.29;2;2.78;5;2;0.49;2;2;0;2;0;2;2.4;1
1.85;7.22;6;0.28;2;7.5;5;2;0;2;2;0;2;0;2;2.4;1
1.85;0.71;2;0.66;2;1.37;5;2;0;2;2;0;2;0;2;2;0
1.85;19.21;6;2.47;6;21.68;5;2;0;2;6;0;2;0;2;4;1
1.85;0.18;2;0;2;0.18;5;2;0;2;6;1;4;0;2;2.6;1
1.85;5.9;6;0;2;5.9;5;2;0.74;2;6;1;4;0;2;3;1
1.85;4.04;6;0;2;4.04;5;2;0.79;2;6;0;2;0;2;2.8;1
1.85;2.81;6;0.11;2;2.92;5;2;19.45;6;6;0;2;0;2;3.2;1
1.85;5.87;6;0;2;5.87;5;2;0.44;2;6;0;2;0;2;2.8;1
1.85;1.75;4;0;2;1.75;5;2;0.35;2;6;0;2;0;2;2.6;1
1.85;2.05;6;0;2;2.05;5;2;3.53;2;6;0;2;0;2;2.8;1
1.85;0;2;0;2;0;5;2;0.04;2;6;1;4;0;2;2.6;1
1.85;3.67;6;0.18;2;3.85;5;2;0;2;2;0;2;0;2;2.4;1
1.85;0.64;2;0.95;2;1.59;5;2;0;2;2;0;2;1;4;2.2;1
1.85;7.37;6;1.64;4;9.01;5;2;0.08;2;2;0;2;0;2;3;1
1.85;10.79;6;0.67;2;11.46;5;2;0.04;2;2;0;2;0;2;2.4;1
1.85;10.02;6;0.95;2;10.97;5;2;0.43;2;2;0;2;0;2;2.4;1
1.85;0.44;2;0.62;2;1.06;5;2;0.64;2;2;0;2;0;2;2;0
1.85;2.89;6;0.11;2;3;5;2;0.04;2;2;0;2;0;2;2.4;1
1.85;0.6;2;1.14;4;1.74;5;2;0.43;2;2;0;2;0;2;2.6;1
1.85;0.79;2;1.01;4;1.8;5;2;0.57;2;2;0;2;0;2;2.6;1
1.85;3.26;6;0.36;2;3.62;5;2;0.02;2;2;0;2;0;2;2.4;1
1.85;8.94;6;1.32;4;10.26;5;2;0.02;2;2;0;2;0;2;3;1
1.85;4.6;6;1.17;4;5.77;5;2;0.04;2;2;0;2;0;2;3;1
1.85;7.01;6;1.12;4;8.13;5;2;0.1;2;2;0;2;0;2;3;1
1.85;1.04;4;0.91;2;1.95;5;2;0.37;2;2;0;2;0;2;2.2;1
1.85;2.81;6;0.41;2;3.22;5;2;0;2;2;0;2;0;2;2.4;1
1.85;0.7;2;0.6;2;1.3;5;2;0.51;2;2;0;2;0;2;2;0
1.85;0.78;2;0.97;2;1.75;5;2;0.97;2;2;0;2;0;2;2;0
1.85;7.09;6;1.95;4;9.04;5;2;0;2;2;0;2;0;2;3;1
1.85;1.39;4;1.1;4;2.49;5;2;0;2;2;0;2;0;2;2.8;1
1.85;2.46;6;0.37;2;2.83;5;2;0;2;2;0;2;0;2;2.4;1
1.85;2.48;6;0.1;2;2.58;5;2;0;2;2;0;2;0;2;2.4;1
1.85;1.28;4;1.75;4;3.03;5;2;0;2;2;0;2;0;2;2.8;1
1.85;3.83;6;0.28;2;4.11;5;2;0;2;2;0;2;0;2;2.4;1
1.85;3.74;6;0.55;2;4.29;5;2;0;2;2;0;2;0;2;2.4;1
1.85;11.44;6;1.41;4;12.85;5;2;0.04;2;2;0;2;0;2;3;1
1.85;4.99;6;0.64;2;5.63;5;2;0;2;2;0;2;0;2;2.4;1
1.85;8.25;6;1.59;4;9.84;5;2;0.02;2;2;0;2;0;2;3;1
1.85;0.25;2;1.8;4;2.05;5;2;0.74;2;2;0;2;0;2;2.6;1
1.85;7.2;6;0.43;2;7.63;5;2;0.01;2;2;0;2;0;2;2.4;1
1.85;0.73;2;1.24;4;1.97;5;2;0.2;2;2;0;2;0;2;2.6;1
1.85;5.2;6;0;2;5.2;5;2;0;2;2;0;2;0;2;2.4;1
1.85;1.16;4;0;2;1.16;5;2;0.11;2;6;0;2;0;2;2.6;1
1.85;0;2;0;2;0;5;2;0.19;2;6;0;2;0;2;2.4;1
1.85;0.65;2;0.03;2;0.68;5;2;0.14;2;2;0;2;0;2;2;0
1.85;0.79;2;0;2;0.79;5;2;3.54;2;2;0;2;0;2;2;0
1.85;3.28;6;0.25;2;3.53;5;2;0.04;2;6;0;2;0;2;2.8;1
1.85;0.9;2;0;2;0.9;5;2;0.13;2;6;0;2;0;2;2.4;1
1.85;5;6;0.54;2;5.54;5;2;0;2;2;0;2;0;2;2.4;1
1.85;7.07;6;0.72;2;7.79;5;2;0;2;2;0;2;0;2;2.4;1
1.85;1.08;4;1.98;4;3.06;5;2;3.92;2;2;0;2;0;2;2.8;1
1.85;3.46;6;0.09;2;3.55;5;2;0.06;2;2;0;2;0;2;2.4;1
1.85;0.6;2;1.08;4;1.68;5;2;0.33;2;2;0;2;0;2;2.6;1
1.85;3.92;6;1.08;4;5;5;2;0;2;2;0;2;0;2;3;1
1.85;7.84;6;2.81;6;10.65;5;2;0;2;2;1;4;0;2;3.8;1
1.85;0.99;2;0;2;0.99;5;2;0;2;4;0;2;0;2;2.2;1
1.85;0.17;2;0.11;2;0.28;5;2;0;2;2;0;2;0;2;2;0
1.85;45.23;6;36.18;6;81.41;5;2;0;2;6;0;2;0;2;4;1
1.85;1.69;4;0.21;2;1.9;5;2;0;2;2;0;2;0;2;2.2;1
1.85;0.18;2;0.63;2;0.81;5;2;0;2;2;0;2;0;2;2;0
1.85;0.01;2;0.91;2;0.92;5;2;0;2;2;0;2;0;2;2;0
1.85;0.88;2;1.5;4;2.38;5;2;0.19;2;2;0;2;0;2;2.6;1
1.85;1.17;4;0.15;2;1.32;5;2;0;2;2;0;2;0;2;2.2;1
1.85;0;2;0;2;0;5;2;0;2;4;0;2;0;2;2.2;1
1.85;0;2;0;2;0;5;2;0;2;2;0;2;0;2;2;0
1.85;0;2;0;2;0;5;2;0.2;2;4;0;2;0;2;2.2;1
1.85;0;2;0;2;0;5;2;0;2;2;0;2;0;2;2;0
1.85;0;2;0;2;0;5;2;0;2;6;0;2;0;2;2.4;1
1.85;0.99;2;0.11;2;1.1;5;2;0;2;6;0;2;0;2;2.4;1
1.85;0.21;2;0;2;0.21;5;2;0;2;2;0;2;0;2;2;0
1.85;2.2;6;0.28;2;2.48;5;2;0;2;2;0;2;0;2;2.4;1
1.85;3.31;6;0.17;2;3.48;5;2;0;2;2;0;2;0;2;2.4;1
1.85;2.43;6;0.27;2;2.7;5;2;0;2;2;0;2;0;2;2.4;1
1.85;13.91;6;0.5;2;14.41;5;2;0.19;2;2;0;2;0;2;2.4;1
2.36;1.71;4;0;2;1.71;6.5;6;88.4;6;6;0;4;4;6;4.4;1
2.37;1.13;4;3.85;6;4.98;6.5;6;20.89;6;6;0;2;0;2;5;1
2.37;17.53;6;0;2;17.53;6.5;6;94.75;6;6;0;2;4;6;4.4;1
2.37;0.56;2;0.7;2;1.26;5;2;0;2;6;0;2;0;2;2.4;1
2.37;0.56;2;0.08;2;0.64;5;2;0.05;2;6;0;2;0;2;2.4;1
2.34;3.95;6;0;2;0;5.5;4;83.96;6;6;0;2;1;4;3.8;1
2.34;0;2;0;2;0;5;2;0;2;2;0;2;0;2;2;0
2.34;0;2;0;2;0;5;2;0;2;2;0;2;0;2;2;0
2.34;0;2;0;2;0;5;2;0;2;2;0;2;0;2;2;0
2.34;0;2;0;2;0;5;2;0;2;2;0;2;0;2;2;0
15.56;20.65;6;0;2;0;6;6;397.31;6;6;0;2;1;4;4.2;1
15.56;3.73;6;2.82;6;6.55;6;6;160.41;6;6;0;2;0;2;5.2;1
15.56;0;2;0;2;0;5;2;23.97;6;6;0;2;0;2;2.8;1
17.68;2.52;6;20.28;6;22.8;5;2;70.56;6;6;0;2;0;2;4.4;1
21.61;3.14;6;5.68;6;8.82;5.5;4;11.33;6;4;0;2;0;2;4.6;1
21.61;0.88;2;1.07;4;1.95;5;2;0.76;2;2;0;2;0;2;2.6;1
21.61;0.8;2;0.82;2;1.62;5;2;1.32;2;2;0;2;0;2;2;0
21.61;0.7;2;0.72;2;1.42;5;2;0;2;2;0;2;0;2;2;0
21.61;0;2;0.39;2;0.39;5;2;0.24;2;2;0;2;0;2;2;0
21.61;0.33;2;0;2;0.33;5;2;0;2;2;0;2;0;2;2;0
21.61;0.28;2;0.16;2;0.44;5;2;0;2;2;0;2;0;2;2;0
21.61;0.19;2;0.27;2;0.46;5;2;0.65;2;2;0;2;0;2;2;0
21.61;0.53;2;0.62;2;1.15;5;2;0.01;2;2;0;2;0;2;2;0
21.61;0.46;2;0.88;2;1.34;5;2;0.58;2;2;0;2;0;2;2;0
21.61;0.31;2;0.28;2;0.59;5;2;0;2;2;0;2;0;2;2;0
21.61;85;6;1.06;4;86.06;5;2;0;2;6;0;2;0;2;3.4;1
21.61;0.75;2;0.9;2;1.65;5;2;1.4;2;2;0;2;0;2;2;0
21.61;0.85;2;0.93;2;1.78;5;2;0;2;2;0;2;0;2;2;0
21.61;0.34;2;0.36;2;0.7;5;2;0.03;2;2;0;2;0;2;2;0
21.61;0.66;2;0.81;2;1.47;5;2;0.03;2;2;0;2;0;2;2;0
21.61;0.59;2;0.69;2;1.28;5;2;0;2;2;0;2;0;2;2;0
21.61;0.61;2;0.63;2;1.24;5;2;0;2;2;0;2;0;2;2;0
21.61;0.72;2;0.8;2;1.52;5;2;0.02;2;2;0;2;0;2;2;0
21.61;0.37;2;0.1;2;0.47;5;2;0;2;2;0;2;0;2;2;0
21.61;0.62;2;0.71;2;1.33;5;2;0.08;2;2;0;2;0;2;2;0
21.61;0.98;2;1.14;4;2.12;5;2;0;2;2;0;2;0;2;2.6;1
21.61;0.32;2;0;2;0.32;5;2;0;2;2;0;2;0;2;2;0
21.61;0.56;2;0.63;2;1.19;5;2;0.09;2;2;0;2;0;2;2;0
21.61;0.54;2;0.56;2;1.1;5;2;0.8;2;2;0;2;0;2;2;0
21.61;0.63;2;0.69;2;1.32;5;2;0.32;2;2;0;2;0;2;2;0
21.61;0.37;2;0.46;2;0.83;5;2;0;2;2;0;2;0;2;2;0
21.61;0;2;0;2;0;5;2;0;2;2;0;2;0;2;2;0
21.61;0.29;2;0.33;2;0.62;5;2;0;2;2;0;2;0;2;2;0
21.61;0.67;2;0.76;2;1.43;5;2;0;2;2;0;2;0;2;2;0
21.61;0.43;2;0;2;0.43;5;2;0;2;2;0;2;0;2;2;0
21.61;0.67;2;0.75;2;1.42;5;2;0.39;2;2;0;2;0;2;2;0
21.61;0.84;2;1.09;4;1.93;5;2;0;2;2;0;2;0;2;2.6;1
21.61;0.52;2;0.68;2;1.2;5;2;0;2;2;0;2;0;2;2;0
21.61;0.38;2;0.48;2;0.86;5;2;0.33;2;2;0;2;0;2;2;0
21.61;0.19;2;0.23;2;0.42;5;2;0;2;2;0;2;0;2;2;0
21.61;0.27;2;0.35;2;0.62;5;2;0;2;2;0;2;0;2;2;0
21.61;0.34;2;0.27;2;0.61;5;2;0;2;2;0;2;0;2;2;0
21.61;0.02;2;0.66;2;0.68;5;2;0;2;2;0;2;0;2;2;0
21.61;0;2;0;2;0;5;2;0.03;2;2;0;2;0;2;2;0
21.61;0;2;0;2;0;5;2;0;2;2;0;2;0;2;2;0
59.85;1.94;4;6.69;6;8.63;5.5;4;13.3;6;6;0;2;1;4;4.8;1
59.85;0;2;0;2;0;5;2;0.29;2;2;0;2;0;2;2;0
59.85;0;2;0;2;0;5;2;3.3;2;2;0;2;0;2;2;0
59.85;0.27;2;0;2;0.27;5;2;16.09;6;2;0;2;0;2;2.4;1
59.85;0;2;0;2;0;5;2;1.44;2;2;0;2;0;2;2;0
59.85;0.03;2;0;2;0.03;5;2;1.66;2;2;0;2;0;2;2;0
59.85;0;2;0;2;0;5;2;0.19;2;2;0;2;0;2;2;0
59.85;0;2;0;2;0;5;2;0.7;2;2;0;2;0;2;2;0
59.85;0.05;2;0;2;0.05;5;2;0.63;2;2;0;2;0;2;2;0
59.85;0;2;0;2;0;5;2;0.93;2;2;0;2;0;2;2;0
59.85;0.03;2;0;2;0.03;5;2;1.22;2;2;0;2;0;2;2;0
59.85;0;2;0;2;0;5;2;1.2;2;2;1;4;0;2;2.2;1
59.85;0.01;2;0.11;2;0.12;5;2;1.03;2;2;0;2;0;2;2;0
59.85;0;2;0;2;0;5;2;2.86;2;2;0;2;0;2;2;0
59.85;0.03;2;0;2;0.03;5;2;1.55;2;2;0;2;0;2;2;0
59.85;0;2;0;2;0;5;2;2.39;2;2;0;2;0;2;2;0
59.85;0.07;2;0;2;0.07;5;2;10.4;6;2;0;2;0;2;2.4;1
59.85;0;2;0;2;0;5;2;1.3;2;4;0;2;0;2;2.2;1
59.85;0.31;2;0;2;0.31;5;2;0;2;2;0;2;0;2;2;0
59.85;0.15;2;0;2;0.15;5;2;0.05;2;2;0;2;0;2;2;0
59.85;0;2;0;2;0;5;2;0;2;2;0;2;0;2;2;0
59.85;0.01;2;0;2;0.01;5;2;0.6;2;2;0;2;0;2;2;0
59.85;0.15;2;0;2;0.15;5;2;0;2;2;0;2;0;2;2;0
59.85;0.2;2;0.28;2;0.48;5;2;0;2;2;0;2;0;2;2;0
59.85;0.06;2;0;2;0.06;5;2;0;2;2;0;2;0;2;2;0
59.85;0.3;2;0;2;0.3;5;2;0;2;2;0;2;0;2;2;0
59.85;0;2;0;2;0;5;2;0;2;2;0;2;0;2;2;0
59.85;0;2;0;2;0;5;2;0;2;2;0;2;0;2;2;0
59.85;0.29;2;0;2;0.29;5;2;0.04;2;2;0;2;0;2;2;0
59.85;0.48;2;0;2;0.48;5;2;0;2;2;0;2;0;2;2;0
59.85;0.39;2;0.39;2;0.78;5;2;0.17;2;4;0;2;0;2;2.2;1
59.85;0.21;2;0;2;0.21;5;2;0.33;2;4;0;2;0;2;2.2;1
59.85;0;2;0;2;0;5;2;0;2;2;0;2;0;2;2;0
59.85;0.42;2;0;2;0.42;5;2;0;2;4;0;2;0;2;2.2;1
59.85;0.04;2;0;2;0.04;5;2;0.22;2;2;0;2;0;2;2;0
59.85;0;2;0.22;2;0.22;5;2;0;2;2;0;2;0;2;2;0
59.85;0;2;0;2;0;5;2;0;2;2;0;2;0;2;2;0
55.57;0.29;2;0.39;2;0.68;5.5;4;0.05;2;2;0;2;0;2;2.4;1
55.57;0;2;1.96;4;1.96;5;2;0.4;2;2;0;2;0;2;2.6;1
55.57;2.24;6;7.26;6;9.5;5;2;0.24;2;2;0;2;0;2;3.6;1
55.57;0.62;2;0.42;2;1.04;5;2;0;2;2;0;2;0;2;2;0
55.57;1.7;4;5.91;6;7.61;5;2;3.68;2;4;0;2;0;2;3.6;1
55.57;0.95;2;0.72;2;1.67;5;2;0;2;4;0;2;0;2;2.2;1
55.57;0;2;0;2;0;5.5;4;85.05;6;6;0;2;0;2;3.2;1
55.57;2.59;6;111.9;6;114.49;5;2;8.47;4;6;0;2;0;2;4.2;1
55.57;6.48;6;43.08;6;49.56;5;2;253.12;6;6;0;2;2;6;4.8;1
55.57;1.2;4;0.54;2;1.74;5;2;0.45;2;2;0;2;0;2;2.2;1
55.57;0.26;2;0.21;2;0.47;5;2;0.05;2;2;0;2;0;2;2;0
55.57;0.7;2;0.19;2;0.89;5;2;0;2;2;0;2;0;2;2;0
55.57;1.59;4;0.13;2;1.72;5;2;0.11;2;2;0;2;0;2;2.2;1
55.57;0;2;0;2;0;5;2;0.02;2;2;0;2;0;2;2;0
55.57;3.14;6;4.97;6;8.11;5;2;6.41;4;2;0;2;1;4;4;1
55.57;0.68;2;1.47;4;2.15;5;2;0;2;2;0;2;0;2;2.6;1
55.57;0.67;2;1.71;4;2.38;5;2;0;2;2;0;2;0;2;2.6;1
55.57;2.54;6;5.52;6;8.06;5;2;0.49;2;2;0;2;0;2;3.6;1
55.57;1.84;4;4.25;6;6.09;5;2;0.82;2;2;0;2;0;2;3.4;1
55.57;0;2;0;2;0;5;2;0;2;2;0;2;0;2;2;0
55.57;3.1;6;4.66;6;7.76;5;2;0.59;2;2;0;2;0;2;3.6;1
55.57;0.79;2;0.46;2;1.25;5;2;0.28;2;2;0;2;0;2;2;0
55.57;0.38;2;0.09;2;0.47;5;2;0;2;2;0;2;0;2;2;0
55.57;2.41;6;4.69;6;7.1;5;2;0.25;2;2;0;2;0;2;3.6;1
55.57;0;2;0;2;0;5;2;0;2;2;0;2;0;2;2;0
55.57;1.26;4;1.58;4;2.84;5;2;6.5;4;2;0;2;0;2;3;1
55.57;0.6;2;0.46;2;1.06;5;2;0;2;2;0;2;0;2;2;0
55.57;1.24;4;2.27;6;3.51;5;2;0;2;6;0;2;0;2;3.8;1
55.57;0;2;0;2;0;5;2;0;2;6;0;2;0;2;2.4;1
55.57;0.0006;2;1.11;4;1.1106;5;2;0;2;6;0;2;0;2;3;1
55.57;1.49;4;2.34;6;3.83;5;2;0.25;2;2;0;2;0;2;3.4;1
55.57;1.27;4;2;6;3.27;5;2;0.18;2;2;0;2;0;2;3.4;1
55.57;2.42;6;3.53;6;5.95;5;2;6.31;4;2;0;2;0;2;3.8;1
55.57;0.69;2;0.81;2;1.5;5;2;0;2;2;0;2;0;2;2;0
55.57;1.85;4;4.16;6;6.01;5;2;0.51;2;2;0;2;0;2;3.4;1
55.57;1.85;4;4.16;6;6.01;5;2;1.65;2;2;0;2;0;2;3.4;1
55.57;2.45;6;5.47;6;7.92;5;2;5.61;4;2;0;2;0;2;3.8;1
55.57;0.54;2;0.67;2;1.21;5;2;0;2;2;0;2;0;2;2;0
55.57;0;2;0;2;0;5;2;0;2;2;0;2;0;2;2;0
55.57;1.45;4;5.79;6;7.24;5;2;0.69;2;2;0;2;0;2;3.4;1
55.57;0.84;2;0;2;0.84;5;2;0;2;2;0;2;0;2;2;0
55.57;0;2;0;2;0;5;2;0;2;2;0;2;0;2;2;0
55.57;0.11;2;0;2;0.11;5;2;0;2;2;0;2;0;2;2;0
55.57;0.49;2;0;2;0.49;5;2;0;2;2;0;2;0;2;2;0
55.57;0.41;2;0;2;0.41;5;2;0;2;2;0;2;0;2;2;0
55.57;0.56;2;0;2;0.56;5;2;0;2;2;0;2;0;2;2;0
55.57;0.87;2;0;2;0.87;5;2;0.1;2;2;0;2;0;2;2;0
55.57;0.5;2;0;2;0.5;5;2;0;2;2;0;2;0;2;2;0
55.57;0;2;0;2;0;5;2;0.02;2;2;0;2;0;2;2;0
55.57;0.38;2;0.49;2;0.87;5;2;0;2;2;0;2;0;2;2;0
55.57;0;2;0.03;2;0.03;5;2;0;2;2;0;2;0;2;2;0
55.57;0.17;2;0;2;0.17;5;2;0;2;2;0;2;0;2;2;0
55.57;0.84;2;0;2;0.84;5;2;0;2;4;0;2;0;2;2.2;1
55.57;0.49;2;4.78;6;5.27;5;2;0;2;2;0;2;0;2;3.2;1
55.57;0.67;2;0.41;2;1.08;5;2;0.99;2;4;0;2;0;2;2.2;1
55.57;0.45;2;8.27;6;8.72;5;2;9.43;4;4;0;2;0;2;3.6;1
55.57;0;2;0;2;0;5;2;0;2;4;0;2;0;2;2.2;1
55.57;0.68;2;0;2;0.68;5;2;0;2;4;0;2;0;2;2.2;1
55.57;0.99;2;0;2;0.99;5;2;0;2;4;0;2;0;2;2.2;1
55.57;0.29;2;0;2;0.29;5;2;0;2;4;0;2;0;2;2.2;1
55.57;1.67;4;0;2;1.67;5;2;0.06;2;4;0;2;0;2;2.4;1
55.57;1.05;4;2.17;6;3.22;5;2;0;2;4;0;2;0;2;3.6;1
55.57;0.74;2;0;2;0.74;5;2;0;2;6;0;2;0;2;2.4;1
55.57;0;2;0;2;0;5;2;0;2;6;0;2;0;2;2.4;1
55.57;0.51;2;1.36;4;1.87;5;2;0;2;2;0;2;0;2;2.6;1
55.57;0.74;2;0;2;0.74;5;2;0.15;2;2;0;2;0;2;2;0
55.57;0.23;2;0;2;0.23;5;2;;2;2;0;2;0;2;2;0
55.57;0;2;1.3;4;1.3;5;2;0;2;2;0;2;0;2;2.6;1
55.57;0.49;2;0;2;0.49;5;2;0;2;2;0;2;0;2;2;0
55.57;0.73;2;0;2;0.73;5;2;0;2;2;0;2;0;2;2;0
55.57;0.28;2;0.25;2;0.53;5;2;0;2;2;0;2;0;2;2;0
55.57;0.32;2;0;2;0.32;5;2;0;2;2;1;4;0;2;2.2;1
55.57;0.21;2;0;2;0.21;5;2;0;2;2;0;2;0;2;2;0
55.57;1.63;4;0;2;1.63;5;2;0;2;2;0;2;0;2;2.2;1
55.57;0.8;2;0;2;0.8;5;2;0;2;2;0;2;0;2;2;0
55.57;0;2;0;2;0;5;2;0;2;2;0;2;0;2;2;0
55.57;0.83;2;0;2;0.83;5;2;0;2;2;0;2;0;2;2;0
55.57;0.57;2;1.26;4;1.83;5;2;0.1;2;2;0;2;0;2;2.6;1
55.57;0.71;2;0;2;0.71;5;2;0;2;2;0;2;0;2;2;0
55.57;0.15;2;0;2;0.15;5;2;0;2;2;0;2;0;2;2;0
55.57;1.26;4;0;2;1.26;5;2;0;2;2;0;2;0;2;2.2;1
55.57;0;2;0;2;0;5;2;0.01;2;2;0;2;0;2;2;0
55.57;0;2;0;2;0;5;2;0;2;2;0;2;0;2;2;0
55.57;0;2;0;2;0;5;2;0;2;2;0;2;0;2;2;0
55.57;0.09;2;0;2;0.09;5;2;0;2;2;0;2;0;2;2;0
55.57;0.51;2;0.03;2;0.54;5;2;0;2;2;0;2;0;2;2;0
55.57;0.49;2;0;2;0.49;5;2;0.02;2;2;0;2;0;2;2;0
55.57;1.1;4;0;2;1.1;5;2;0;2;2;0;2;0;2;2.2;1
55.57;1.14;4;0;2;1.14;5;2;0;2;4;0;2;0;2;2.4;1
55.57;0;2;0;2;0;5;2;0;2;2;0;2;0;2;2;0
55.57;2.3;6;0;2;2.3;5;2;0;2;2;0;2;0;2;2.4;1
55.57;1.6;4;0.49;2;2.09;5;2;88.34;6;2;0;2;0;2;2.6;1
55.57;1.49;4;0;2;1.49;5;2;0;2;2;0;2;0;2;2.2;1
55.57;0.24;2;0;2;0.24;5;2;0;2;2;0;2;0;2;2;0
55.57;0.42;2;0;2;0.42;5;2;0;2;2;0;2;0;2;2;0
55.57;1.07;4;0.16;2;1.23;5;2;0;2;2;0;2;0;2;2.2;1
55.57;1.39;4;0;2;1.39;5;2;0;2;2;0;2;0;2;2.2;1
55.57;0.07;2;0;2;0.07;5;2;0;2;2;0;2;0;2;2;0
55.57;0.49;2;0.4;2;0.89;5;2;0;2;2;0;2;0;2;2;0
55.57;0.88;2;0.54;2;1.42;5;2;0.11;2;2;0;2;0;2;2;0
55.57;0;2;1.74;4;1.74;5;2;0;2;2;0;2;0;2;2.6;1
55.57;1.28;4;0;2;1.28;5;2;0.22;2;2;0;2;0;2;2.2;1
55.57;0;2;0;2;0;5;2;0;2;2;0;2;0;2;2;0
55.57;0;2;0;2;0;5;2;0;2;2;0;2;0;2;2;0
55.57;0.21;2;0;2;0.21;5;2;0;2;2;0;2;0;2;2;0
55.57;0.92;2;0;2;0.92;5;2;0;2;2;0;2;0;2;2;0
55.57;0.17;2;0;2;0.17;5;2;0;2;2;0;2;0;2;2;0
55.57;0.26;2;0.0021;2;0.2621;5;2;0;2;2;0;2;0;2;2;0
55.57;0.78;2;0;2;0.78;5;2;0;2;2;0;2;0;2;2;0
55.57;0.98;2;0;2;0.98;5;2;0;2;2;0;2;0;2;2;0
55.57;0.27;2;0.0017;2;0.2717;5;2;0;2;2;0;2;0;2;2;0
55.57;0.41;2;0.11;2;0.52;5;2;0;2;2;0;2;0;2;2;0
55.57;0.74;2;0;2;0.74;5;2;0.71;2;2;0;2;0;2;2;0
55.57;0.82;2;2.92;6;3.74;5;2;0;2;2;0;2;0;2;3.2;1
55.57;0;2;11.68;6;11.68;5;2;0;2;2;0;2;0;2;3.2;1
55.57;0.61;2;0;2;0.61;5;2;0;2;2;0;2;0;2;2;0
55.57;0.62;2;0.47;2;1.09;5;2;0.58;2;2;0;2;0;2;2;0
55.57;0;2;0;2;0;5;2;3.57;2;2;0;2;0;2;2;0
55.57;0;2;0;2;0;5;2;0;2;2;0;2;0;2;2;0
55.57;0;2;0;2;0;5;2;0;2;2;0;2;0;2;2;0
55.57;0;2;0;2;0;5;2;0;2;2;0;2;0;2;2;0
55.57;1.08;4;0;2;1.08;5;2;0;2;2;0;2;0;2;2.2;1
55.57;0.7;2;0;2;0.7;5;2;0;2;2;0;2;0;2;2;0
55.57;1.36;4;0;2;1.36;5;2;0;2;2;0;2;0;2;2.2;1
55.57;0;2;5.24;6;5.24;5;2;0;2;2;0;2;0;2;3.2;1
55.57;0.32;2;0.17;2;0.49;5;2;0;2;2;0;2;0;2;2;0
55.57;0.33;2;0.0013;2;0.3313;5;2;0;2;2;0;2;0;2;2;0
55.57;1.08;4;0.92;2;2;5;2;0.04;2;2;0;2;0;2;2.2;1
55.57;0;2;0;2;0;5;2;0;2;2;0;2;0;2;2;0
55.57;0.6;2;0;2;0.6;5;2;0;2;2;0;2;0;2;2;0
55.57;0.76;2;0;2;0.76;5;2;0;2;2;0;2;0;2;2;0
55.57;0;2;2.99;6;2.99;5;2;0.06;2;2;0;2;0;2;3.2;1
55.57;0;2;0;2;0;5;2;0;2;2;0;2;0;2;2;0
55.57;0.49;2;0.28;2;0.77;5;2;0.07;2;2;0;2;0;2;2;0
55.57;0;2;0.81;2;0.81;5;2;0;2;2;0;2;0;2;2;0
55.57;0.41;2;0;2;0.41;5;2;0;2;2;0;2;0;2;2;0
55.57;0;2;0;2;0;5;2;0;2;2;0;2;0;2;2;0
55.57;0.82;2;0;2;0.82;5;2;0;2;2;0;2;0;2;2;0
55.57;0.32;2;0.0009;2;0.3209;5;2;0;2;2;0;2;0;2;2;0
55.57;0;2;0;2;0;5;2;0;2;2;0;2;0;2;2;0
55.57;0;2;0;2;0;5;2;0;2;6;0;2;0;2;2.4;1
55.57;1.06;4;0.63;2;1.69;5;2;0.9;2;6;0;2;0;2;2.6;1
55.57;0;2;0;2;0;5;2;0;2;2;0;2;0;2;2;0
55.57;0;2;0;2;0;5;2;0.13;2;2;0;2;0;2;2;0
55.57;0;2;0;2;0;5;2;0;2;2;0;2;0;2;2;0
55.57;0.51;2;1.63;4;2.14;5;2;1.8;2;2;0;2;0;2;2.6;1
55.57;1.06;4;0;2;1.06;5;2;0;2;2;0;2;0;2;2.2;1
55.57;0.71;2;0.25;2;0.96;5;2;0;2;2;0;2;0;2;2;0
55.57;0;2;8.49;6;8.49;5;2;0.43;2;2;0;2;0;2;3.2;1
55.57;1.6;4;0;2;1.6;5;2;0;2;2;0;2;0;2;2.2;1
55.57;0.3;2;0.0023;2;0.3023;5;2;0;2;2;0;2;0;2;2;0
55.57;0.47;2;0.46;2;0.93;5;2;0.42;2;2;0;2;0;2;2;0
55.57;0;2;0;2;0;5;2;0.02;2;2;0;2;0;2;2;0
55.57;1.19;4;0;2;1.19;5;2;0;2;2;0;2;0;2;2.2;1
55.57;0;2;1.29;4;1.29;5;2;0;2;2;0;2;0;2;2.6;1
55.57;0.7;2;0.79;2;1.49;5.5;4;1.91;2;2;0;2;0;2;2.4;1
55.57;0.83;2;0;2;0.83;5;2;0.14;2;2;0;2;0;2;2;0
55.57;0.74;2;0;2;0.74;5;2;2.4;2;2;0;2;0;2;2;0
55.57;0.2;2;0;2;0.2;5;2;0;2;2;0;2;0;2;2;0
55.57;1.4;4;0.06;2;1.46;5;2;0;2;2;0;2;0;2;2.2;1
55.57;0.4;2;0.0025;2;0.4025;5;2;0;2;2;0;2;0;2;2;0
55.57;0.85;2;1;4;1.85;5;2;0.4;2;2;0;2;0;2;2.6;1
55.57;0;2;0.88;2;0.88;5;2;0.07;2;2;0;2;0;2;2;0
55.57;0;2;0;2;0;5;2;0;2;2;0;2;0;2;2;0
55.57;1.12;4;0;2;1.12;5;2;0;2;2;0;2;0;2;2.2;1
55.57;1.28;4;0;2;1.28;5;2;0;2;2;0;2;0;2;2.2;1
55.57;0;2;0;2;0;5;2;0;2;2;0;2;0;2;2;0
55.57;0;2;1.16;4;1.16;5;2;0;2;2;0;2;0;2;2.6;1
55.57;0.1;2;0;2;0.1;5;2;0;2;2;0;2;0;2;2;0
55.57;1.06;4;1.6;4;2.66;5;2;16.09;6;2;0;2;0;2;3.2;1
55.57;0.25;2;0.0017;2;0.2517;5;2;0;2;2;0;2;0;2;2;0
55.57;0.31;2;0.0015;2;0.3115;5;2;0;2;2;0;2;0;2;2;0
55.57;0;2;0;2;0;5;2;0;2;2;0;2;0;2;2;0
55.57;0.84;2;0;2;0.84;5;2;0;2;2;0;2;0;2;2;0
55.57;1.09;4;0;2;1.09;5;2;0;2;2;0;2;0;2;2.2;1
55.57;1.29;4;0;2;1.29;5;2;0;2;2;0;2;0;2;2.2;1
55.57;0.51;2;0.37;2;0.88;5;2;0;2;2;0;2;0;2;2;0
55.57;0.09;2;0;2;0.09;5;2;0;2;2;0;2;0;2;2;0
55.57;0.39;2;0.91;2;1.3;5;2;0;2;2;0;2;0;2;2;0
55.57;1.07;4;0;2;1.07;5;2;0;2;2;0;2;0;2;2.2;1
55.57;0;2;0;2;0;5;2;0;2;2;0;2;0;2;2;0
55.57;0.5;2;2.97;6;3.47;5;2;0.18;2;2;0;2;0;2;3.2;1
55.57;0.49;2;0.55;2;1.04;5;2;0;2;2;0;2;0;2;2;0
55.57;0.84;2;0.65;2;1.49;5;2;0;2;2;0;2;0;2;2;0
55.57;0.9;2;1.11;4;2.01;5;2;0;2;2;0;2;0;2;2.6;1
55.57;0;2;0;2;0;5;2;0;2;2;0;2;0;2;2;0
55.57;0.59;2;0;2;0.59;5;2;0;2;2;0;2;0;2;2;0
55.57;0.02;2;0;2;0.02;5;2;0;2;2;0;2;0;2;2;0
55.57;1.48;4;4.48;6;5.96;5;2;0;2;2;0;2;0;2;3.4;1
55.57;0;2;3.3;6;3.3;5;2;0;2;2;0;2;0;2;3.2;1
55.57;0.8;2;0.57;2;1.37;5;2;0;2;2;0;2;0;2;2;0
55.57;0.36;2;0.54;2;0.9;5;2;0.21;2;2;0;2;0;2;2;0
55.57;0.44;2;0.53;2;0.97;5;2;0;2;2;0;2;0;2;2;0
55.57;0.51;2;0.5;2;1.01;5;2;0.09;2;2;0;2;0;2;2;0
55.57;0.75;2;0.45;2;1.2;5;2;0;2;2;0;2;0;2;2;0
55.57;0.49;2;0.4;2;0.89;5;2;0;2;2;0;2;0;2;2;0
55.57;0.47;2;0.37;2;0.84;5;2;0;2;2;0;2;0;2;2;0
55.57;0.24;2;0.04;2;0.28;5;2;0;2;2;0;2;0;2;2;0
55.57;0.2;2;0;2;0.2;5;2;0;2;2;0;2;0;2;2;0
55.57;0;2;0;2;0;5;2;0.32;2;2;0;2;0;2;2;0